trial,run,cval,subj,value
1,0,0.33411250000000026,200,1
2,-1,-0.11785625000000038,200,4
3,0,0.17283124999999996,200,2
4,0,0.12363750000000018,200,4
5,3,0.12523750000000036,200,4
6,0,-0.08315625000000015,200,2
7,0,0.22847500000000004,200,4
8,-3,0.22763750000000035,200,4
9,1,0.07725957690108633,200,5
10,0,0.7888375000000001,200,4
11,0,0.14863749999999964,200,2
12,-3,0.2828187500000003,200,5
13,1,0.21833124999999967,200,3
14,0,0.5853562500000005,200,3
15,-2,0.13041875000000006,200,4
16,0,0.5027687500000002,200,4
17,2,0.009018750000000113,200,3
18,0,0.13771534090909116,200,4
19,-2,0.2704062500000004,200,2
20,0,0.5604562499999999,200,1
21,0,-0.06020000000000037,200,3
22,3,0.48653750000000007,200,2
23,-1,0.5347937500000006,200,3
24,1,0.4500562500000002,200,2
25,0,0.43142500000000045,200,4
26,-2,0.22118125000000005,200,4
27,1,0.4397425810904075,200,4
28,-1,-0.020337500000000213,200,3
29,0,0.18109374999999994,200,4
30,2,0.35361874999999965,200,3
31,0,0.16750000000000043,200,4
32,-2,0.002481249999999685,200,2
33,0,0.31343125000000044,200,4
34,2,0.29471874999999975,200,3
35,-1,0.3039062500000005,200,3
36,1,0.7881062500000003,200,4
37,-1,0.05010000000000026,200,3
38,0,0.4900624999999998,200,4
39,2,0.028218749999999994,200,3
40,-1,0.5082187499999997,200,2
41,1,0.2036618357487927,200,4
42,-1,0.8589937500000004,200,4
43,1,-0.1121249999999999,200,3
44,-1,0.19920565907522442,200,2
45,1,0.043218750000000125,200,3
46,0,0.20842500000000008,200,3
1,0,0.27663194444444456,198,3
2,-1,-0.0010562500000005192,198,5
3,0,-1.5000000000037206e-4,198,1
4,0,-0.09296874999999945,198,4
5,3,-0.07172500000000048,198,3
6,0,-0.03249999999999931,198,1
7,0,0.20483712905451998,198,5
8,-3,-0.039587500000000386,198,4
9,0,3.423050379570491e-4,198,2
10,2,-0.045137499999999775,198,3
11,-1,-0.03424375000000019,198,4
12,0,-0.021675000000000083,198,4
13,2,-0.022187499999999673,198,3
14,-1,-0.00888124999999974,198,4
15,1,0.026874999999999587,198,3
16,0,-0.06088749999999994,198,5
17,0,0.04836874999999992,198,3
18,-3,-0.01840625000000034,198,2
19,0,0.2749499999999997,198,4
20,2,0.021743750000000422,198,4
21,-1,0.005175000000000002,198,4
22,1,0.04730625000000011,198,4
23,-1,-0.015606918238993406,198,2
24,0,0.21366874999999996,198,4
25,2,-0.025618750000000155,198,3
26,-1,0.10099374999999977,198,4
27,1,0.0459437499999998,198,2
28,0,0.14956874999999997,198,3
29,-2,0.25796875000000036,198,4
30,1,0.018000000000000117,198,4
31,-1,0.12221783876500883,198,4
32,1,0.11131079545454559,198,4
33,-1,-0.061131249999999526,198,2
34,1,-0.008112499999999795,198,4
35,0,-0.13627500000000034,198,3
36,-2,0.09081249999999988,198,4
37,0,-0.025337500000000103,198,4
38,0,0.08577499999999984,198,3
39,3,1.5625000000002442e-4,198,2
40,0,-0.06814375000000002,198,5
41,-2,0.2974187499999997,198,4
42,1,0.05436894409937897,198,4
43,0,-0.09178124999999952,198,3
44,-2,-0.014806250000000265,198,4
45,1,-0.0963687499999998,198,4
46,0,-0.8275000000000001,198,5
1,0,0.016606944444445028,197,2
2,0,0.06109374999999978,197,4
3,-2,-0.01574374999999962,197,5
4,1,-0.02426250000000013,197,4
5,0,0.2393375000000006,197,4
6,-2,-0.019187500000000524,197,1
7,0,0.05716563146997906,197,5
8,0,0.008687500000000199,197,1
9,3,-0.03747500000000023,197,2
10,-1,-0.013541062801932563,197,1
11,1,-0.017300000000000232,197,5
12,-1,-0.030218749999999482,197,5
13,0,-0.01563699102829555,197,4
14,0,0.2730624999999997,197,2
15,3,0.19338749999999963,197,1
16,-1,0.015412500000000212,197,1
17,0,-0.01723749999999974,197,4
18,2,0.3683735849056605,197,5
19,0,0.28357499999999985,197,4
20,0,-0.07939999999999973,197,4
21,-3,-0.0976124999999997,197,2
22,1,0.21598749999999983,197,5
23,0,-0.025599999999999734,197,5
24,0,0.27180624999999947,197,5
25,-3,-0.07082499999999971,197,4
26,1,0.35858750000000045,197,5
27,0,-0.10495624999999963,197,2
28,-2,0.2026687499999998,197,1
29,0,0.3464812500000002,197,4
30,2,0.12851875000000004,197,5
31,0,0.3872187499999997,197,1
32,-2,0.2253875000000002,197,4
33,0,0.31505625000000015,197,5
34,2,-0.2742499999999999,197,5
35,-1,0.22532499999999997,197,2
36,0,-0.013912499999999961,197,1
37,2,-0.03253124999999984,197,5
38,-1,-0.20208749999999953,197,2
39,1,0.029150000000000464,197,5
40,-1,0.10046875,197,5
41,1,-0.1469,197,2
42,-1,-0.03478541666666643,197,5
43,1,-0.021093749999999783,197,4
44,-1,0.11704844720496851,197,3
45,1,-0.12583124999999987,197,5
46,0,0.44123749999999984,197,1
1,0,-0.2233740510697029,196,2
2,0,0.09732499999999972,196,4
3,-2,0.10465562456866807,196,4
4,1,0.5805875000000003,196,2
5,0,0.18607500000000005,196,4
6,0,-0.08833125000000037,196,4
7,-3,0.22338750000000018,196,5
8,0,0.3283657694962039,196,4
9,0,0.32836250000000033,196,2
10,3,-0.18778124999999984,196,4
11,-1,-0.0283687500000001,196,4
12,1,0.12621249999999984,196,4
13,0,0.36986666666666657,196,2
14,0,0.0158875000000001,196,2
15,-3,0.23757500000000026,196,4
16,1,0.1733437499999997,196,4
17,-1,0.056656250000000234,196,4
18,0,-0.015399999999999919,196,4
19,2,0.21528750000000038,196,2
20,0,0.00874999999999988,196,5
21,-2,-0.12069374999999981,196,0
22,1,0.02285972222222215,196,4
23,-1,0.013831250000000388,196,2
24,1,0.1367750000000005,196,4
25,0,0.08914027777777739,196,4
26,-2,0.043062500000000226,196,2
27,0,-0.024131249999999754,196,4
28,2,0.31154374999999973,196,4
29,-1,0.024912500000000354,196,5
30,1,0.17203125000000002,196,1
31,-1,-0.11106874999999974,196,4
32,0,0.07732499999999984,196,4
33,2,0.2966687500000002,196,2
34,-1,0.015562500000000085,196,4
35,1,-0.022406249999999694,196,2
36,-1,0.25022500000000003,196,5
37,1,-0.08303750000000011,196,4
38,-1,0.1804625000000002,196,2
39,0,0.08034374999999974,196,2
40,0,-0.3939187499999998,196,4
41,3,0.08544375000000015,196,2
42,0,-0.08573750000000008,196,4
43,-2,-0.09258124999999987,196,4
44,0,0.115475,196,4
45,2,0.25564375000000056,196,2
46,0,0.05629375000000002,196,4
1,0,1.0011304347826084,195,3
2,0,0.08900691823899388,195,4
3,-2,0.05130624999999998,195,4
4,0,0.09604374999999996,195,4
5,0,0.05894375000000002,195,3
6,3,0.091112491373361,195,2
7,-1,0.24586875000000016,195,2
8,0,0.03344715909090908,195,3
9,2,-0.11163124999999999,195,3
10,0,0.009068749999999912,195,2
11,-2,0.015968750000000184,195,2
12,1,0.12071875000000025,195,4
13,0,-3.7499999999938136e-4,195,3
14,-2,-0.0811250000000002,195,4
15,1,-0.13641249999999996,195,5
16,-1,-0.07426875000000002,195,4
17,1,0.16389375000000023,195,3
18,0,0.0605375000000001,195,3
19,-2,-0.13105625000000054,195,2
20,1,0.10980625000000017,195,4
21,0,-0.09711875000000006,195,3
22,0,-0.03872499999999983,195,4
23,-3,-0.04881249999999964,195,5
24,0,0.19639999999999946,195,3
25,0,-0.06594999999999991,195,3
26,3,-0.026475000000000325,195,2
27,0,-0.03651250000000026,195,1
28,0,0.08164829545454533,195,2
29,-3,-0.013806249999999859,195,4
30,1,0.3121624999999998,195,5
31,-1,-0.04803749999999983,195,4
32,0,-0.060199999999999886,195,3
33,2,-0.0814312500000002,195,3
34,-1,-0.05442499999999996,195,2
35,0,-0.024387499999999736,195,3
36,2,0.13486250000000002,195,3
37,-1,-0.08508749999999984,195,2
38,0,-0.05008749999999983,195,3
39,2,0.2188562499999997,195,3
40,-1,-0.048299999999999524,195,2
41,1,0.03421874999999991,195,4
42,-1,-0.00306226415094327,195,4
43,1,-0.10578750000000055,195,3
44,-1,-0.12935625,195,3
45,1,-0.12928124999999974,195,4
46,0,-0.055431250000000015,195,4
1,0,0.22874465148378198,193,4
2,0,-0.04417500000000095,193,5
3,-2,0.7898937500000001,193,3
4,0,0.0612937500000002,193,4
5,0,-0.3162874999999997,193,4
6,3,-0.012681250000000598,193,2
7,0,0.2868875000000005,193,3
8,0,-0.13273125000000088,193,5
9,-3,0.07315000000000034,193,4
10,1,0.050262499999999634,193,4
11,-1,0.14912499999999937,193,3
12,0,0.10778124999999938,193,2
13,0,-0.1911875000000015,193,4
14,3,0.00516249999999997,193,1
15,-1,-0.09995625000000001,193,3
16,1,-0.003812499999999608,193,4
17,0,0.3339374999999989,193,4
18,-2,-0.008100000000000995,193,3
19,0,-0.1220812499999993,193,4
20,2,0.7404875000000006,193,3
21,0,-0.1259420289855074,193,1
22,-2,0.12818750000000065,193,2
23,1,0.11144374999999931,193,5
24,-1,-0.10662500000000019,193,4
25,1,0.07352500000000092,193,3
26,-1,0.0029999999999993586,193,5
27,0,-0.0015624999999989786,193,4
28,2,0.2729602484472057,193,2
29,-1,0.43812578616352077,193,3
30,1,-0.14526250000000052,193,4
31,0,0.09504999999999977,193,4
32,0,-0.31648713550600355,193,3
33,-3,0.6104312499999995,193,2
34,1,-0.35843749999999913,193,5
35,-1,0.030856250000000095,193,4
36,0,0.17464999999999953,193,3
37,2,0.20907500000000018,193,4
38,0,-0.04762500000000001,193,1
39,-2,0.007900000000000296,193,3
40,0,0.7800249999999997,193,5
41,2,-0.5242788129744655,193,4
42,-1,0.010293749999999413,193,1
43,1,-0.01792499999999958,193,2
44,-1,-0.3131562499999998,193,4
45,1,-0.47256250000000005,193,3
46,0,0.28621739130434776,193,4
1,0,0.4908764665286406,191,5
2,-1,-0.23543750000000077,191,2
3,1,-0.3061562500000004,191,3
4,0,-0.18685624999999992,191,2
5,-2,-0.03387500000000056,191,4
6,1,-0.14753472222222172,191,4
7,-1,0.08787499999999965,191,2
8,1,0.008687500000000226,191,5
9,-1,-0.02756249999999989,191,2
10,1,-0.0016704545454532926,191,0
11,0,-0.1525624999999993,191,2
12,-2,0.35648124999999997,191,5
13,1,-0.09005625000000093,191,5
14,-1,-0.04681249999999974,191,2
15,1,-0.3023125000000004,191,0
16,-1,0.036937499999999034,191,2
17,0,-0.18124999999999994,191,5
18,2,0.8105,191,2
19,-1,0.1382500000000007,191,3
20,1,0.31468749999999945,191,4
21,0,0.13231250000000014,191,2
22,0,0.9341249999999992,191,4
23,-3,0.029687499999998777,191,4
24,1,0.06693750000000023,191,3
25,0,0.26856249999999954,191,3
26,0,0.022312500000001047,191,4
27,-3,-0.04631250000000001,191,5
28,0,0.3698490566037736,191,4
29,2,0.20456250000000048,191,5
30,-1,-0.44824999999999915,191,4
31,0,0.6634374999999987,191,3
32,2,-0.3234375000000009,191,2
33,-1,-0.3244375,191,4
34,0,-0.020249999999999123,191,3
35,2,0.04406249999999986,191,5
36,0,0.37224999999999975,191,3
37,-2,0.40062500000000006,191,4
38,0,0.48206250000000034,191,4
39,0,0.08587499999999895,191,5
40,3,0.07768750000000076,191,3
41,0,-0.1565976535541753,191,5
42,-2,0.023937499999999244,191,4
43,0,0.31918749999999974,191,2
44,0,-0.2968750000000002,191,4
45,3,0.036562499999999984,191,4
46,0,0.13568750000000046,191,5
1,0,-0.05978743961352648,188,1
2,0,-0.029499999999999926,188,2
3,0,-0.023800000000000023,188,1
4,-3,-0.01947499999999985,188,2
5,1,-0.013181249999999948,188,3
6,-1,-0.012173611111111137,188,3
7,0,-0.005781249999999958,188,3
8,2,0.004262500000000007,188,3
9,-1,0.027012499999999936,188,3
10,0,-0.019041407867494736,188,2
11,2,-0.007937499999999868,188,3
12,-1,0.11277500000000001,188,4
13,1,-0.01666250000000007,188,3
14,-1,-0.02995624999999997,188,3
15,0,-0.00793124999999988,188,4
16,0,0.00390624999999991,188,2
17,3,-0.011842767295597433,188,3
18,0,0.16881249999999995,188,4
19,0,-0.021993750000000017,188,4
20,-3,-0.02486874999999994,188,5
21,1,-0.0034624999999998533,188,3
22,-1,0.30546249999999997,188,3
23,0,-0.03951250000000007,188,4
24,0,0.060143749999999906,188,1
25,3,-0.040731538992408764,188,3
26,-1,-0.03620000000000002,188,4
27,0,-0.039924999999999954,188,3
28,2,0.06232499999999994,188,3
29,0,0.1758944444444445,188,4
30,-2,0.010912499999999865,188,0
31,1,0.56333125,188,3
32,-1,-0.075749571183533565,188,0
33,1,-0.060499999999999735,188,4
34,0,0.021356249999999858,188,4
35,-2,0.10300624999999998,188,5
36,1,0.007406249999999862,188,3
37,0,0.08428333333333335,188,3
38,-2,0.03316250000000005,188,5
39,1,-0.008437499999999784,188,3
40,0,-0.04517840909090913,188,4
41,-2,0.35831250000000014,188,3
42,0,-0.12395624999999989,188,2
43,2,-0.08389375000000006,188,0
44,-1,0.041487499999999955,188,3
45,1,0.22630683229813678,188,4
46,0,-0.006587499999999838,188,4
1,0,0.06848749999999997,186,3
2,0,-0.015556249999999976,186,2
3,-2,-0.015325000000000095,186,4
4,0,-0.015702553485162193,186,4
5,2,-0.013974999999999956,186,3
6,0,-0.014693750000000037,186,1
7,0,-0.01800625000000005,186,3
8,-3,-0.014962500000000002,186,4
9,1,-0.008818750000000052,186,5
10,0,-0.00969374999999993,186,4
11,0,-0.0036888198757764118,186,3
12,-3,0.020487500000000006,186,4
13,1,0.04792499999999994,186,5
14,0,-0.0014312500000000013,186,4
15,-2,0.023831250000000023,186,3
16,0,-0.010837499999999918,186,4
17,2,-0.01629374999999986,186,2
18,0,-0.014734027777777731,186,1
19,-2,0.04507499999999992,186,3
20,0,0.00565625000000014,186,4
21,0,0.02904583333333338,186,4
22,3,0.07750625000000005,186,2
23,-1,-0.042256249999999926,186,1
24,0,-0.03690496894409942,186,3
25,0,0.0708062500000002,186,2
26,3,0.08224999999999992,186,2
27,-1,0.015475000000000202,186,1
28,1,0.06250208333333358,186,2
29,-1,-0.01839374999999993,186,3
30,0,-0.012693749999999953,186,4
31,2,-0.015306250000000035,186,4
32,-1,-0.020340340909091044,186,2
33,1,-0.019637499999999967,186,4
34,0,-0.017693750000000008,186,4
35,-2,-0.015356249999999847,186,3
36,0,-0.0016687500000000036,186,5
37,2,-0.010318467695826315,186,4
38,-1,0.021543749999999987,186,2
39,1,-0.005468750000000003,186,2
40,-1,0.03341249999999991,186,4
41,1,0.007775000000000014,186,3
42,-1,-0.005881249999999931,186,3
43,1,-0.007268749999999905,186,2
44,-1,-0.006506250000000014,186,4
45,1,0.024574999999999923,186,3
46,0,-0.01355624999999997,186,4
1,0,-0.03341614906832286,184,4
2,0,-0.09753647798742139,184,2
3,-2,-0.04493749999999996,184,3
4,1,-0.01967500000000004,184,4
5,0,-0.02835955831608003,184,2
6,-2,-0.012693750000000056,184,3
7,0,-0.0067437499999999945,184,4
8,2,-0.03841875,184,2
9,0,-0.061143750000000045,184,2
10,-2,-0.03175597484276735,184,4
11,1,-0.014812500000000058,184,4
12,0,-0.0926875000000001,184,2
13,0,-0.25254999999999994,184,4
14,-3,-0.08459999999999993,184,4
15,0,-0.02835000000000005,184,4
16,2,0.0391812500000001,184,3
17,-1,-0.21803125000000018,184,2
18,0,-0.03611874999999988,184,4
19,0,-0.33662499999999995,184,2
20,3,-0.12138124999999989,184,2
21,0,0.08656874999999989,184,2
22,-2,-0.07266874999999985,184,4
23,1,-0.04494374999999999,184,4
24,-1,0.020912500000000035,184,4
25,1,-0.0038437500000000372,184,4
26,0,0.06275624999999989,184,3
27,0,-0.016068750000000208,184,4
28,-3,-0.09588125000000007,184,4
29,1,-0.04697556818181822,184,4
30,-1,-0.07178750000000016,184,3
31,1,-0.004224999999999831,184,4
32,-1,0.26173749999999996,184,2
33,0,-0.10563124999999994,184,4
34,0,-0.13301874999999988,184,0
35,3,-0.15630624999999995,184,3
36,-1,0.10456249999999988,184,3
37,1,-0.09707499999999966,184,4
38,-1,-0.07909375000000005,184,4
39,0,-0.04179375000000012,184,4
40,2,-0.010337499999999954,184,3
41,-1,-0.022275,184,2
42,0,0.011512500000000122,184,4
43,2,-0.07766249999999968,184,3
44,-1,-0.07751875000000014,184,0
45,1,-0.007181250000000141,184,4
46,0,0.1401375000000001,184,3
1,0,0.4111402777777779,174,5
2,0,-0.03759999999999965,174,3
3,0,0.20905625000000022,174,4
4,-3,-0.07734374999999963,174,5
5,1,0.07782500000000017,174,3
6,0,-0.04153773584905622,174,1
7,-2,-0.05121875000000017,174,2
8,1,-0.005249999999999805,174,4
9,-1,-0.08835472739820588,174,1
10,0,-0.0493687499999995,174,3
11,2,-0.016543750000000076,174,2
12,-1,-0.04397500000000017,174,1
13,1,-0.0890096590909093,174,3
14,-1,-0.06169119496855348,174,4
15,1,0.20329374999999988,174,3
16,-1,0.11974374999999986,174,1
17,0,0.30806875000000006,174,2
18,0,0.13158125,174,4
19,3,0.34548749999999995,174,3
20,0,0.06094999999999998,174,2
21,-2,0.10798125000000028,174,4
22,0,0.2686500000000002,174,3
23,2,-0.13111874999999987,174,2
24,-1,0.0809625,174,1
25,1,0.04650624999999981,174,3
26,0,0.2541062499999999,174,3
27,-2,-0.054762499999999874,174,4
28,0,0.014668750000000012,174,4
29,2,-0.09987499999999966,174,3
30,-1,0.4033250000000005,174,2
31,0,-0.04084403036576961,174,3
32,0,-0.009493749999999784,174,3
33,3,0.034231249999999866,174,2
34,-1,0.007796022727272872,174,1
35,0,-0.027606250000000113,174,4
36,2,0.05630000000000003,174,3
37,0,0.2743562499999997,174,2
38,0,0.3529902777777781,174,2
39,-3,0.18805408805031448,174,3
40,1,0.5591312499999999,174,4
41,-1,0.3969062499999996,174,3
42,1,0.2009875000000001,174,3
43,0,0.12627500000000008,174,4
44,-2,-0.0697312499999994,174,4
45,1,0.11613750000000006,174,3
46,0,0.1264062500000003,174,4
1,0,0.27275555555555575,172,2
2,0,-0.22717500000000035,172,3
3,0,0.12336249999999994,172,2
4,-3,0.08290000000000003,172,3
5,0,0.17696874999999984,172,4
6,2,-0.07207500000000006,172,1
7,-1,-0.05011250000000022,172,1
8,0,-0.002531250000000135,172,3
9,0,0.336957118353345,172,3
10,3,0.14070000000000008,172,2
11,-1,0.019187499999999708,172,2
12,1,0.3988750000000004,172,2
13,-1,-0.12695625,172,3
14,1,-0.037524999999999996,172,4
15,0,0.11019374999999991,172,3
16,-2,-0.0821874999999998,172,4
17,1,-0.14128749999999957,172,4
18,-1,0.1076999999999998,172,2
19,0,-0.22110624999999984,172,4
20,0,0.021125000000000088,172,2
21,3,-0.04754374999999984,172,2
22,0,-0.05594374999999995,172,3
23,0,0.26141875,172,4
24,-3,0.1304562500000001,172,2
25,1,0.06626818181818192,172,4
26,0,-0.014662499999999903,172,3
27,-2,0.3788499999999999,172,3
28,1,0.14359374999999952,172,4
29,-1,-9.336763865066767e-4,172,3
30,1,0.03957500000000003,172,5
31,-1,-0.023101388888889213,172,3
32,1,-0.21064375000000019,172,4
33,0,-0.2007000000000006,172,4
34,-2,-0.03796163522012539,172,5
35,0,0.03848125000000023,172,5
36,2,-0.10406250000000009,172,4
37,0,0.017718749999999645,172,4
38,-2,0.22480624999999985,172,5
39,0,0.05981249999999986,172,5
40,2,-0.11908125000000024,172,4
41,-1,-0.018731249999999783,172,3
42,0,0.06703750000000006,172,4
43,2,0.23988124999999977,172,4
44,-1,0.03679374999999994,172,4
45,1,0.35882500000000006,172,5
46,0,0.1159625000000003,172,3
1,0,-0.022597515527950605,170,4
2,-1,-0.19536022727272762,170,4
3,0,-0.03773124999999966,170,3
4,0,-0.03201794340924777,170,4
5,3,-0.02633011363636368,170,4
6,0,-0.06379374999999964,170,3
7,-2,-0.06373749999999968,170,4
8,0,-0.1536875000000004,170,4
9,2,-0.02647499999999995,170,4
10,0,-0.05053749999999946,170,2
11,-2,-0.06589375000000007,170,2
12,0,0.17314375000000023,170,4
13,2,-0.1347875,170,4
14,0,-0.04768819875776347,170,4
15,0,-0.02748427672955945,170,4
16,-3,0.14211250000000017,170,4
17,1,0.021143750000000034,170,4
18,-1,0.08452499999999986,170,4
19,1,0.14251000690131138,170,2
20,-1,-0.03946249999999988,170,2
21,0,0.33518125000000004,170,2
22,0,-0.11366250000000035,170,4
23,3,-0.09772500000000017,170,4
24,-1,-0.1866812500000005,170,4
25,0,-0.11453750000000038,170,4
26,2,0.005668750000000245,170,4
27,-1,-0.14765625000000035,170,2
28,1,-0.18413750000000023,170,2
29,-1,-0.10688124999999994,170,2
30,0,-0.28327500000000005,170,2
31,2,-0.11130624999999972,170,4
32,-1,-0.1547500000000002,170,2
33,1,0.3082937500000001,170,4
34,-1,0.1962812500000003,170,4
35,1,0.13828124999999994,170,4
36,0,-0.08926875000000015,170,2
37,-2,0.1600250000000003,170,4
38,1,-0.3178312499999998,170,4
39,0,0.26024375000000005,170,4
40,0,-0.015398136645962412,170,4
41,-3,-0.3597812500000002,170,4
42,1,0.15782500000000013,170,2
43,0,0.4322937500000005,170,4
44,-2,0.38519999999999943,170,4
45,1,-0.11680000000000028,170,4
46,0,-0.1084624999999999,170,2
1,0,0.3609423611111111,168,2
2,-1,-0.10881989708404785,168,3
3,1,0.18104999999999993,168,3
4,0,0.12511874999999995,168,2
5,-2,0.04037500000000018,168,4
6,1,0.07144311034877063,168,4
7,0,-0.2523437500000001,168,3
8,0,0.6440374999999998,168,3
9,-3,0.42713125000000013,168,4
10,0,0.8744937499999997,168,4
11,2,0.3975440993788822,168,4
12,-1,0.4831761006289307,168,5
13,0,0.6680500000000001,168,4
14,0,0.5587375000000004,168,4
15,3,0.2543000000000003,168,4
16,-1,0.5773562499999998,168,3
17,0,0.2451750000000001,168,3
18,0,0.19429374999999993,168,3
19,3,0.42113457556935835,168,5
20,-1,0.27715625000000027,168,5
21,0,0.49454375,168,4
22,2,0.40303125000000006,168,4
23,0,0.08946249999999974,168,1
24,-2,0.04644374999999995,168,4
25,1,0.2987999999999997,168,5
26,0,0.13123750000000026,168,5
27,0,-0.017162499999999775,168,3
28,-3,0.26438124999999985,168,4
29,0,0.17036250000000044,168,4
30,2,0.21942500000000012,168,4
31,0,0.047043750000000016,168,3
32,-2,-0.046449999999999846,168,4
33,1,-0.010242236024844953,168,3
34,0,-0.04687499999999996,168,4
35,-2,0.07968125000000038,168,2
36,0,0.1155250000000002,168,4
37,2,-0.0965562500000001,168,5
38,-1,-0.016256250000000326,168,2
39,1,0.07823749999999957,168,2
40,-1,-0.0477437500000003,168,3
41,1,0.05153749999999988,168,4
42,-1,0.06295000000000023,168,4
43,1,-0.07283125000000026,168,3
44,-1,-0.026212499999999823,168,4
45,1,-0.017637499999999688,168,4
46,0,-0.03889513888888886,168,4
1,0,0.06723125000000006,165,3
2,-1,-0.07729999999999969,165,4
3,0,-0.07164999999999987,165,4
4,0,-0.04164374999999969,165,2
5,3,-0.1306625000000002,165,2
6,-1,-0.060043749999999715,165,1
7,1,0.1507249999999999,165,4
8,-1,-0.14266250000000041,165,5
9,1,-0.09102499999999991,165,5
10,0,-0.08653749999999988,165,5
11,0,-0.03554374999999989,165,2
12,-3,-0.03175624999999978,165,5
13,1,-0.02207500000000024,165,5
14,0,-0.004393750000000312,165,4
15,-2,0.2642256728778467,165,5
16,1,-0.07927500000000041,165,5
17,0,-0.0735624999999999,165,4
18,-2,-0.030624999999999812,165,3
19,0,-0.0453374999999999,165,4
20,2,0.039106249999999836,165,4
21,-1,3.0888625000000003,165,2
22,0,-0.08611250000000002,165,5
23,0,-0.25574375,165,2
24,3,0.6131363636363636,165,5
25,-1,-0.07393750000000027,165,1
26,0,-0.3390125000000003,165,5
27,2,-0.14535127674258141,165,5
28,0,0.14774375000000015,165,4
29,0,-0.1080500000000003,165,4
30,-3,0.8414610075914428,165,5
31,0,0.06393750000000023,165,5
32,2,-0.06775093167701939,165,2
33,-1,-0.12598749999999992,165,3
34,0,-0.10168125000000039,165,4
35,2,0.18395000000000009,165,4
36,0,-0.19378124999999977,165,3
37,-2,-0.16564375000000015,165,2
38,1,-0.10872500000000013,165,4
39,-1,-0.0486062499999998,165,2
40,1,-0.05766273291925487,165,4
41,0,0.6887213836477986,165,4
42,-2,0.15687500000000046,165,4
43,1,0.6666874999999985,165,3
44,-1,0.10887853692201395,165,4
45,1,0.11718125000000033,165,4
46,0,1.4142750000000002,165,4
1,0,1.1065006211180124,163,1
2,0,-0.11638125000000019,163,4
3,0,-0.026843750000000076,163,3
4,-3,-0.05343750000000002,163,2
5,0,-0.03791874999999982,163,1
6,2,-0.07999374999999988,163,3
7,0,-0.03445624999999996,163,4
8,0,-0.03026250000000018,163,3
9,-3,-0.030456250000000126,163,2
10,0,-0.01995625000000014,163,1
11,2,0.026568750000000134,163,1
12,-1,-0.019775000000000213,163,2
13,1,-0.03739375000000001,163,1
14,-1,-0.04245625,163,4
15,1,-0.0065562499999996995,163,3
16,0,-0.054481250000000134,163,4
17,-2,-0.1907625,163,3
18,1,-0.06641249999999986,163,2
19,-1,-0.07008750000000011,163,4
20,0,-0.12111250000000011,163,3
21,2,-0.03515000000000014,163,5
22,0,-0.12595624999999994,163,4
23,-2,-0.04238124999999993,163,0
24,0,-0.1424208333333335,163,3
25,0,0.16410624999999973,163,4
26,3,0.29893125000000004,163,5
27,-1,0.3257874999999998,163,4
28,0,-0.05325000000000008,163,3
29,0,0.8380250000000002,163,4
30,3,0.3215249999999999,163,5
31,0,0.3213875,163,5
32,-2,-0.43903125000000026,163,3
33,0,-0.0040624999999998605,163,2
34,2,-0.2123937499999999,163,4
35,0,-0.10131875000000018,163,3
36,-2,0.0872562500000001,163,3
37,1,0.09624999999999999,163,2
38,-1,0.19146652864044186,163,4
39,1,-0.033974999999999825,163,3
40,-1,0.03760000000000009,163,5
41,1,0.3228812499999999,163,3
42,-1,-0.1711062499999997,163,4
43,1,-0.09573125000000025,163,4
44,-1,0.22821874999999994,163,5
45,1,-0.04029374999999995,163,4
46,0,0.26293125000000017,163,5
1,0,1.2483802622498275,162,3
2,-1,-0.15650000000000008,162,4
3,0,-0.07503125000000009,162,5
4,2,-0.10288749999999995,162,4
5,-1,-0.08942500000000009,162,1
6,0,8.187499999998974e-4,162,2
7,0,-0.07699930555555547,162,2
8,3,-0.03740625000000005,162,1
9,0,-0.04406250000000005,162,5
10,-2,-0.01602777777777778,162,2
11,0,-0.010487499999999966,162,5
12,2,-0.010650000000000043,162,5
13,-1,-0.03160248447204961,162,5
14,1,-0.004862499999999901,162,2
15,-1,-0.018737500000000018,162,5
16,0,-0.007962499999999963,162,4
17,0,-0.003225000000000003,162,5
18,3,-0.003893750000000037,162,4
19,-1,0.0022673611111110638,162,1
20,1,-0.004956250000000004,162,5
21,0,-0.0033562499999999587,162,5
22,0,-0.003106249999999992,162,4
23,-3,-0.0022687499999999687,162,5
24,0,0.026262499999999994,162,5
25,2,-0.0208437499999999,162,4
26,0,-0.013381250000000023,162,4
27,-2,-0.011774999999999956,162,4
28,1,-0.007032436162870939,162,5
29,-1,-0.00656250000000005,162,5
30,0,-0.004450000000000004,162,4
31,2,-8.250000000000008e-4,162,4
32,0,-0.014306250000000034,162,1
33,-2,-0.008625786163521965,162,2
34,1,-0.0044812500000000486,162,5
35,0,-0.0028937500000000027,162,5
36,-2,-0.0030937499999999923,162,4
37,1,-0.0017500000000000016,162,4
38,0,0.003437500000000003,162,5
39,0,-0.0024472049689441017,162,5
40,-3,-0.04547500000000007,162,5
41,1,0.06204375000000001,162,1
42,-1,-0.023099999999999964,162,5
43,1,-0.0050631944444444734,162,5
44,-1,-0.056856250000000115,162,4
45,1,-0.017287499999999952,162,5
46,0,-0.023737500000000043,162,4
1,0,0.8537,248,4
2,0,-0.03226250000000014,248,4
3,-2,0.030999999999999996,248,5
4,1,0.045212500000000225,248,5
5,0,-0.10177159090909081,248,1
6,0,0.14525624999999992,248,2
7,-3,-0.07408749999999982,248,5
8,0,-0.05070000000000005,248,5
9,0,-0.05442500000000009,248,1
10,3,0.01622500000000003,248,1
11,-1,-0.036787500000000056,248,4
12,1,0.02358124999999999,248,2
13,0,-0.08566249999999996,248,5
14,-2,0.06095000000000009,248,1
15,0,0.02114375000000007,248,5
16,2,0.03883611111111102,248,5
17,0,-0.05401250000000025,248,2
18,-2,-0.05629374999999977,248,1
19,1,-0.08418125000000017,248,5
20,-1,-0.05539375000000025,248,4
21,1,-0.006343749999999759,248,5
22,-1,-0.06871925465838488,248,1
23,0,-0.03237499999999986,248,4
24,2,0.3836687500000001,248,5
25,-1,0.4656937499999999,248,1
26,1,-0.1578624999999998,248,4
27,0,-0.029381250000000105,248,4
28,0,0.019418750000000262,248,3
29,-3,0.2357562500000001,248,5
30,1,-0.05805624999999964,248,5
31,0,0.14110625,248,1
32,-2,0.08682499999999997,248,3
33,0,0.06648749999999988,248,5
34,2,-0.11193124999999989,248,1
35,-1,0.14266249999999994,248,3
36,0,-0.07663125000000016,248,5
37,0,0.08401874999999989,248,1
38,3,0.01415624999999976,248,4
39,-1,-0.06021249999999964,248,1
40,0,-0.03601875000000018,248,5
41,2,-0.1734499999999999,248,4
42,-1,0.34443522012578587,248,5
43,1,-0.011118750000000007,248,3
44,-1,-0.14779374999999992,248,1
45,1,-0.07607500000000007,248,2
46,0,-0.09573710691823899,248,1
1,0,-0.05310062111801232,246,3
2,0,0.03223125000000003,246,2
3,-2,0.2605999999999999,246,4
4,1,0.14699374999999998,246,5
5,0,0.07941250000000012,246,3
6,-2,0.03814465408805016,246,3
7,0,0.14684999999999987,246,4
8,0,0.07416249999999996,246,5
9,3,0.13638124999999993,246,3
10,-1,-0.02676249999999996,246,4
11,1,0.24603125000000003,246,1
12,-1,-0.13238125000000023,246,2
13,1,0.017293749999999834,246,5
14,-1,0.0407375000000002,246,3
15,0,0.23648364779874229,246,1
16,2,0.02867500000000013,246,1
17,0,-0.008387500000000065,246,2
18,0,-0.04850069444444456,246,1
19,-3,-0.04174034090909101,246,4
20,0,-0.022503144654088,246,4
21,0,0.04065000000000005,246,5
22,3,0.05793125000000014,246,3
23,-1,0.013712905452036028,246,3
24,0,0.5090375000000003,246,0
25,2,0.05166875000000002,246,5
26,0,0.02269374999999986,246,3
27,-2,0.16871875000000014,246,1
28,1,-0.044406249999999974,246,2
29,0,0.016924999999999916,246,3
30,0,0.08885625000000018,246,5
31,-3,-0.08607499999999993,246,5
32,0,0.03133124999999976,246,1
33,2,0.04856249999999988,246,5
34,-1,0.07283124999999976,246,2
35,1,0.18576249999999978,246,1
36,0,0.09158750000000015,246,5
37,-2,-0.10164166666666666,246,2
38,0,-0.10922499999999989,246,4
39,2,-0.16089236111111083,246,3
40,-1,-0.11126250000000011,246,5
41,1,0.1342750000000002,246,3
42,-1,-0.15120625000000032,246,1
43,1,-0.017512500000000174,246,4
44,-1,-0.054531249999999656,246,5
45,1,-5.937500000000152e-4,246,3
46,0,0.4750812499999999,246,1
1,0,0.39314078674948255,244,3
2,-1,0.12206250000000021,244,4
3,1,0.5293562499999999,244,4
4,-1,0.3020625000000004,244,1
5,0,0.6453812500000001,244,5
6,0,0.4976687499999996,244,1
7,3,0.08199375000000053,244,3
8,-1,0.6862874999999999,244,2
9,1,0.70340625,244,4
10,-1,-0.48025852272727315,244,2
11,1,0.6301062500000003,244,4
12,-1,0.37755625000000026,244,3
13,1,0.7331305555555552,244,5
14,-1,0.57636875,244,2
15,1,0.7928812499999991,244,5
16,-1,0.14731874999999914,244,1
17,1,-0.04660625000000013,244,5
18,-1,-0.02734374999999985,244,1
19,1,0.5875250000000005,244,5
20,0,0.39185208333333343,244,1
21,-2,0.6388437500000006,244,5
22,0,0.05902499999999929,244,2
23,2,0.39983749999999885,244,3
24,0,0.5203937499999993,244,3
25,-2,0.589099999999999,244,4
26,1,0.3648375000000008,244,3
27,0,0.49449375000000073,244,2
28,0,0.6934062500000001,244,4
29,-3,-0.023725157232704294,244,4
30,0,0.7518937500000005,244,3
31,0,0.43071250000000044,244,2
32,3,0.59513125,244,3
33,0,0.17860624999999938,244,2
34,0,0.28218749999999976,244,1
35,-3,0.5513250000000004,244,1
36,0,0.4856020833333329,244,4
37,2,0.1730375000000006,244,5
38,0,0.36746250000000025,244,2
39,-2,0.3970437499999999,244,1
40,0,0.5502937499999997,244,5
41,2,0.4162812500000007,244,5
42,0,0.15653125000000004,244,1
43,-2,0.2855312500000002,244,5
44,0,0.2282499999999998,244,4
45,2,0.8460874999999998,244,5
46,0,0.06561874999999934,244,1
1,0,0.41135000000000016,243,5
2,-1,0.46167358490566057,243,4
3,1,0.09506875000000006,243,2
4,-1,0.10122500000000008,243,3
5,1,0.22689999999999982,243,4
6,0,0.15075624999999965,243,2
7,-2,0.17195624999999998,243,4
8,0,0.0641187500000003,243,5
9,2,-0.1337632850241544,243,2
10,0,-0.016187499999999477,243,1
11,-2,0.00599374999999997,243,5
12,1,0.010675000000000578,243,5
13,-1,1.2665812499999998,243,4
14,1,0.9354625,243,2
15,0,0.3279312499999996,243,3
16,0,-0.10010625000000001,243,2
17,-3,-0.05771249999999976,243,4
18,0,0.6809250000000004,243,5
19,0,-0.07989375000000001,243,1
20,3,0.4450499999999996,243,2
21,0,-0.1637215277777774,243,1
22,-2,0.3206187500000005,243,1
23,0,-0.11416874999999946,243,4
24,0,-0.2587312499999993,243,3
25,3,-0.41384999999999933,243,2
26,-1,-0.20645625000000026,243,1
27,1,-0.1122500000000003,243,2
28,-1,0.01436874999999958,243,3
29,0,1.3635812500000002,243,5
30,2,-0.22104375000000004,243,4
31,0,-0.16778124999999985,243,1
32,-2,-0.07299374999999975,243,2
33,1,-0.10623750000000029,243,5
34,-1,-0.08813750000000048,243,4
35,1,-0.16692500000000077,243,1
36,-1,0.41492499999999966,243,3
37,0,0.6841400966183577,243,4
38,2,-0.1125374999999996,243,1
39,-1,-0.8609749999999997,243,1
40,1,0.9601354166666662,243,4
41,0,1.32178125,243,5
42,0,0.04278125000000018,243,1
43,-3,-0.08021875000000023,243,5
44,0,-0.13413749999999988,243,5
45,2,-0.08876249999999963,243,4
46,0,-0.1741374999999997,243,1
1,0,-0.07918750000000037,242,2
2,-1,0.14269182389937166,242,2
3,1,-0.01994375000000022,242,3
4,-1,0.2921562499999999,242,1
5,0,1.1052874999999995,242,5
6,2,-0.03508749999999976,242,1
7,0,0.12149375000000012,242,3
8,0,0.19149375000000013,242,3
9,-3,-0.19648125000000013,242,5
10,0,-0.38388124999999995,242,5
11,2,-0.14444999999999988,242,4
12,-1,-0.4176687500000003,242,3
13,1,0.6384062499999996,242,4
14,0,0.46060625,242,2
15,0,0.015700000000000002,242,3
16,-3,0.034146997929606626,242,5
17,1,0.3340125000000001,242,5
18,0,0.3744687500000001,242,2
19,-2,0.728747222222222,242,3
20,0,0.31340625000000005,242,5
21,0,0.24084374999999994,242,1
22,3,0.6539625000000003,242,1
23,0,-0.9434874999999999,242,2
24,-2,0.5006749999999996,242,3
25,0,1.3962923611111115,242,4
26,0,0.21921875000000016,242,2
27,3,0.35753750000000034,242,4
28,-1,0.5419192546583851,242,1
29,0,-0.19315625000000025,242,4
30,2,0.040731250000000344,242,2
31,-1,0.13731249999999987,242,3
32,1,0.41385852311939264,242,5
33,-1,0.1702375000000002,242,2
34,1,0.05319375000000002,242,5
35,-1,-0.033262499999999605,242,2
36,1,0.5803249999999998,242,5
37,-1,0.2231437499999999,242,3
38,0,0.6967000000000002,242,5
39,2,0.14286874999999974,242,4
40,0,1.3315514147688061,242,1
41,-2,0.8012625,242,2
42,1,1.1068937500000002,242,5
43,0,0.6453562499999999,242,3
44,-2,0.43395625000000065,242,4
45,1,0.6657812500000002,242,5
46,0,0.9300812500000003,242,3
1,0,0.09954244306418214,241,3
2,0,0.16026874999999982,241,4
3,0,0.19499374999999985,241,2
4,-3,0.14069999999999988,241,5
5,1,-0.011412500000000122,241,4
6,-1,-0.18344375000000024,241,1
7,1,0.008749999999999966,241,2
8,-1,-0.10123850931677025,241,1
9,1,0.0325062500000001,241,4
10,0,-0.04957500000000024,241,1
11,-2,-0.013639751552795214,241,5
12,0,-0.03073124999999994,241,4
13,2,-0.14183124999999985,241,1
14,-1,-0.09103124999999995,241,1
15,1,0.002549999999999786,241,3
16,-1,-0.07335624999999991,241,4
17,0,-0.04346250000000014,241,4
18,0,-0.13268616352201257,241,2
19,3,0.02314999999999978,241,2
20,-1,-0.0754374999999999,241,1
21,1,-0.01023750000000008,241,4
22,-1,-0.09881875000000015,241,4
23,0,-0.03268750000000016,241,1
24,0,0.21363125000000002,241,5
25,3,-0.15271875000000018,241,2
26,-1,-0.05153125000000022,241,1
27,0,-0.017003472222222284,241,4
28,2,-0.13259375000000018,241,5
29,0,-0.05621250000000008,241,1
30,-2,-0.02477639751552805,241,4
31,1,-0.020137499999999944,241,5
32,0,-0.09476875000000017,241,5
33,0,0.024675000000000204,241,2
34,-3,-0.010043750000000063,241,5
35,1,-0.017800000000000094,241,5
36,0,-0.14333750000000012,241,3
37,-2,-0.0020875000000000754,241,1
38,0,-0.03475625000000022,241,4
39,2,-0.07878749999999989,241,2
40,-1,-0.19682500000000028,241,1
41,0,0.014868750000000078,241,1
42,2,-0.0684125000000001,241,4
43,0,-0.13800000000000015,241,1
44,-2,-0.0014789510006903784,241,4
45,1,-0.0035062499999998276,241,5
46,0,-0.10667499999999999,241,4
1,0,0.31464374999999994,240,2
2,-1,0.17250503144654059,240,3
3,1,-0.04882500000000011,240,4
4,-1,0.08314375000000021,240,4
5,1,0.03666249999999987,240,4
6,0,0.20649748427672981,240,2
7,0,0.2669749999999999,240,5
8,-3,-0.00534374999999985,240,4
9,1,0.11894755003450674,240,4
10,-1,-0.0977062500000002,240,3
11,0,-0.026918750000000314,240,4
12,2,0.3192937500000003,240,5
13,0,-0.094312500000000285,240,2
14,-2,-0.009412499999999994,240,4
15,1,0.46343749999999995,240,2
16,-1,-0.027681250000000046,240,2
17,1,0.22589375000000048,240,3
18,-1,0.04779375000000015,240,5
19,0,0.30169999999999947,240,5
20,2,-0.13827500000000004,240,2
21,0,-0.04328750000000034,240,3
22,-2,0.0020187500000002634,240,4
23,0,-0.12700000000000009,240,5
24,2,0.14865000000000003,240,4
25,0,-0.09745479641131784,240,2
26,0,-0.042181249999999865,240,5
27,-3,-0.004737499999999955,240,4
28,0,-0.03970625000000015,240,2
29,0,-0.013443749999999949,240,4
30,3,0.03459374999999988,240,2
31,0,0.21094374999999976,240,4
32,-2,-0.3038187500000002,240,3
33,1,0.007774999999999754,240,5
34,-1,0.17929375000000014,240,2
35,0,0.27077672955974813,240,1
36,0,0.5416312500000003,240,4
37,3,-0.07241527777777804,240,4
38,0,-0.22271249999999992,240,1
39,-2,0.06903750000000031,240,3
40,1,-0.09891250000000013,240,4
41,-1,0.5744999999999999,240,4
42,1,-0.03599375000000034,240,3
43,-1,0.36602500000000004,240,4
44,0,-0.07084236111111122,240,5
45,2,0.1872625000000003,240,2
46,0,0.04611875,240,3
1,0,-0.010207638888889013,238,3
2,-1,-0.012374999999999959,238,2
3,1,0.01705624999999989,238,1
4,-1,-0.044045138888888696,238,1
5,0,-0.012162499999999968,238,4
6,0,-0.024599999999999754,238,1
7,3,-0.03744375000000016,238,2
8,-1,0.0021937499999999154,238,3
9,1,-0.02904374999999982,238,2
10,-1,-0.01447500000000001,238,4
11,1,-0.02066875000000006,238,4
12,0,-0.011175000000000072,238,2
13,0,0.001655624568668122,238,4
14,-3,-0.004006250000000049,238,4
15,0,-0.006661111111111227,238,4
16,2,-0.0031125000000000362,238,4
17,0,-0.013524999999999924,238,1
18,-2,-0.005975000000000098,238,4
19,1,-0.017001242236024783,238,5
20,0,-0.015568750000000115,238,4
21,0,0.012456249999999985,238,5
22,-3,-0.00948124999999998,238,4
23,1,-0.026612500000000015,238,5
24,-1,-0.033281249999999894,238,3
25,0,-2.12500000000021e-4,238,4
26,2,-0.05184999999999998,238,2
27,-1,-0.01769261363636371,238,1
28,0,-0.0028937500000000478,238,4
29,2,0.023087500000000104,238,4
30,0,-0.03982500000000011,238,5
31,-2,-0.009524999999999973,238,4
32,0,0.0036812499999998526,238,5
33,2,-0.08460624999999992,238,4
34,-1,-0.002271911663215826,238,4
35,0,-0.008043749999999999,238,5
36,0,0.013550000000000131,238,2
37,3,0.05305106970324369,238,2
38,0,-0.060412500000000105,238,5
39,-2,0.055006249999999667,238,3
40,1,-4.3194444444454304e-4,238,4
41,0,-0.02620625000000008,238,5
42,-2,-0.01374999999999992,238,5
43,1,0.0022125000000002394,238,4
44,-1,-0.027581250000000026,238,5
45,1,0.024700000000000086,238,3
46,0,-0.0666339622641508,238,2
1,0,0.9964999999999989,237,2
2,-1,0.20012499999999955,237,3
3,1,-0.5426250000000001,237,1
4,0,-0.31439375000000025,237,4
5,0,0.03569378881987525,237,5
6,-3,0.04062500000000048,237,3
7,1,0.22874375000000063,237,5
8,-1,-0.2439986197377514,237,3
9,0,0.43224999999999986,237,2
10,2,-0.2590793650793653,237,1
11,0,0.1056437499999994,237,2
12,0,0.10740993788819783,237,4
13,-3,0.5882999999999999,237,5
14,0,0.33821875000000035,237,5
15,0,-0.15773125000000107,237,4
16,3,0.09682500000000027,237,1
17,-1,0.12996875000000008,237,3
18,0,0.4334500000000007,237,1
19,2,0.14593819444444542,237,4
20,-1,-0.026725000000000464,237,2
21,1,-0.15879374999999973,237,5
22,-1,-0.02818125000000047,237,5
23,1,-0.19337500000000002,237,4
24,0,0.4534562500000005,237,2
25,-2,0.5561937500000007,237,3
26,0,0.4871250000000008,237,5
27,2,0.07920000000000045,237,4
28,0,-0.10247083333333329,237,1
29,-2,-0.015587499999999921,237,2
30,1,0.11716249999999925,237,5
31,-1,-0.41028333333333344,237,4
32,1,-0.01728124999999947,237,3
33,-1,0.2148500000000004,237,4
34,0,0.10116875000000017,237,1
35,0,0.050850000000000783,237,4
36,3,0.2635187500000005,237,2
37,-1,-0.008806249999999839,237,1
38,1,-0.18201250000000047,237,5
39,0,1.4521562500000003,237,4
40,-2,0.28319375000000063,237,3
41,0,0.4316875000000007,237,5
42,2,-0.032312499999999175,237,4
43,0,0.24030754716981206,237,1
44,-2,-0.13435000000000075,237,2
45,1,0.6909124999999996,237,5
46,0,0.02786250000000042,237,5
1,0,0.27354999999999985,235,4
2,-1,0.08395625000000015,235,3
3,1,-0.07644374999999969,235,5
4,-1,-0.24274999999999952,235,4
5,1,-0.11091249999999961,235,5
6,-1,-0.09095000000000013,235,3
7,0,-0.10606174957118392,235,5
8,2,-0.15084431818181798,235,0
9,-1,-0.12862499999999982,235,2
10,1,-0.09328750000000006,235,4
11,0,-0.10307500000000017,235,3
12,0,-0.0913,235,5
13,-3,-0.05543124999999998,235,5
14,1,-0.03761874999999993,235,3
15,-1,-0.060837500000000065,235,3
16,0,0.026426529445397366,235,4
17,0,0.026825000000000047,235,0
18,3,0.15514999999999995,235,3
19,-1,-0.10072386363636357,235,3
20,1,-0.11179374999999987,235,4
21,0,0.18721250000000028,235,3
22,-2,-0.09318749999999953,235,4
23,0,-0.06258749999999955,235,3
24,2,-0.11781250000000013,235,5
25,0,-0.12863750000000043,235,3
26,-2,-0.15365000000000006,235,4
27,1,0.019268749999999897,235,4
28,-1,-0.10709374999999992,235,3
29,1,-0.0017124999999999833,235,4
30,0,2.1851562499999995,235,3
31,-2,-0.05485625000000001,235,4
32,1,1.476409937888199,235,5
33,0,-0.12268750000000037,235,0
34,0,-0.0519562499999994,235,4
35,-3,0.8246625000000003,235,4
36,0,-0.08774375000000005,235,4
37,0,-0.11979374999999973,235,3
38,3,-0.07878125000000066,235,3
39,-1,-0.07203174603174599,235,3
40,0,-0.05921874999999972,235,4
41,2,-0.11639999999999967,235,3
42,0,-0.08609375000000008,235,3
43,-2,-0.03959375000000008,235,4
44,0,-0.04230625000000038,235,4
45,2,-0.10383124999999961,235,3
46,0,-0.2141249999999999,235,2
1,0,0.05454934437543138,233,3
2,-1,-0.06036874999999979,233,3
3,0,0.033281250000000234,233,4
4,2,-0.053381249999999714,233,2
5,-1,-0.05514999999999994,233,5
6,0,0.09196874999999989,233,3
7,0,-0.034306249999999705,233,4
8,3,0.20040624999999984,233,5
9,0,-0.07248125000000014,233,5
10,0,0.06858409090909104,233,3
11,-3,0.16247499999999981,233,4
12,0,0.00779999999999983,233,3
13,0,-0.17851249999999996,233,4
14,3,0.20219375000000028,233,5
15,0,0.21841875000000052,233,4
16,-2,-0.3441187499999994,233,3
17,1,-0.10182790165809005,233,2
18,-1,-0.10078749999999968,233,4
19,0,-0.05213749999999966,233,3
20,2,0.021993750000000277,233,4
21,0,-0.09069999999999978,233,5
22,0,-0.06488125000000033,233,4
23,-3,-0.05659375000000006,233,2
24,0,0.3261937500000002,233,3
25,2,-0.03168124999999964,233,4
26,-1,-0.04072499999999998,233,3
27,0,-0.14745624999999962,233,2
28,2,-0.02602500000000037,233,4
29,0,-0.08848125000000023,233,4
30,-2,-0.003762500000000052,233,2
31,1,-0.12178750000000013,233,4
32,-1,-0.10505486111111086,233,5
33,1,0.11001875000000007,233,4
34,0,0.09008125000000011,233,5
35,-2,0.18371875000000004,233,0
36,1,0.2741125000000001,233,2
37,0,0.3439187500000003,233,4
38,-2,-0.06048750000000047,233,3
39,1,0.3841937500000003,233,2
40,-1,-0.17578750000000024,233,4
41,1,-0.16720000000000027,233,3
42,-1,-0.17693602484472018,233,4
43,1,0.11878749999999999,233,3
44,-1,-0.04221874999999982,233,5
45,1,-0.017480681818181926,233,3
46,0,-0.030449999999999828,233,4
1,0,-0.16370625000000025,231,3
2,0,-0.07330754716981135,231,4
3,0,-0.044706249999999996,231,2
4,-3,0.01768125000000007,231,2
5,0,0.014701173222912313,231,2
6,0,0.15482499999999996,231,4
7,3,0.048468750000000026,231,4
8,-1,0.049900000000000014,231,4
9,0,-0.03353125000000005,231,2
10,2,0.06331875000000005,231,2
11,0,0.03217500000000004,231,3
12,-2,0.06326249999999985,231,2
13,1,-0.024162499999999983,231,1
14,0,0.2905307108350587,231,4
15,-2,-0.05784034090909118,231,2
16,0,0.02528750000000007,231,2
17,2,-0.13305624999999985,231,4
18,-1,-0.11796875000000023,231,4
19,0,-0.14781250000000024,231,3
20,0,0.08921875000000003,231,4
21,3,-0.031100000000000003,231,4
22,-1,-0.33828750000000013,231,3
23,0,-0.07129375000000009,231,2
24,2,0.35520869565217394,231,3
25,0,-0.02137499999999986,231,4
26,0,0.011612500000000086,231,2
27,-3,0.19560000000000008,231,3
28,0,-0.008349999999999937,231,3
29,2,0.02300624999999995,231,3
30,0,0.01680625000000021,231,4
31,-2,-0.023918750000000117,231,2
32,1,0.12789374999999994,231,2
33,0,-0.05391875000000013,231,4
34,-2,0.011987500000000042,231,2
35,1,0.03315624999999991,231,2
36,-1,-0.055756249999999924,231,4
37,1,0.02836875000000001,231,2
38,-1,0.0750973084886129,231,4
39,1,0.06305625000000006,231,3
40,-1,-0.005050000000000117,231,3
41,1,0.038430641821946276,231,3
42,-1,-0.025156249999999932,231,3
43,1,0.05967499999999997,231,3
44,-1,0.05709999999999995,231,4
45,1,0.04191194968553449,231,2
46,0,-0.07809375000000006,231,4
1,0,0.5491993055555553,229,3
2,0,-0.20701250000000004,229,3
3,0,0.04119375000000029,229,4
4,-3,-0.07788125000000001,229,3
5,1,-0.4536749999999993,229,4
6,-1,-0.08646875000000043,229,2
7,0,0.20905624999999942,229,2
8,0,-0.31338578329882694,229,3
9,3,0.017480113636363648,229,3
10,0,-0.3982374999999992,229,4
11,-2,0.0627000000000004,229,1
12,0,0.13778750000000023,229,1
13,0,-0.1336649514008001,229,3
14,3,0.4298937500000001,229,3
15,-1,0.02751875000000061,229,3
16,0,0.8245625000000004,229,2
17,2,0.06677294685990326,229,3
18,-1,0.4731875000000001,229,3
19,0,0.3890125,229,3
20,2,0.5458129744651489,229,3
21,0,-0.11797500000000012,229,3
22,-2,-0.08403124999999977,229,3
23,0,-0.040087499999999644,229,3
24,2,0.4583312499999997,229,3
25,-1,0.4841320754716981,229,4
26,1,0.339550000000001,229,4
27,0,-0.014068749999999897,229,4
28,0,0.3031687500000001,229,2
29,-3,-0.7834624999999996,229,2
30,0,-0.007881250000000506,229,2
31,2,-0.03450624999999936,229,3
32,0,0.4096187500000004,229,3
33,-2,0.2220937500000001,229,3
34,1,-0.0225062500000002,229,3
35,0,-0.14265,229,3
36,-2,0.19930000000000025,229,3
37,1,-0.13650624999999988,229,3
38,-1,-0.15148749999999978,229,3
39,1,0.01663125000000033,229,3
40,-1,-0.10509999999999992,229,1
41,1,-0.11493124999999979,229,3
42,-1,-0.7412124999999993,229,1
43,1,-0.29381250000000025,229,2
44,-1,0.058218749999999944,229,1
45,1,0.1091187500000004,229,3
46,0,-0.17166875000000062,229,1
1,0,0.26329861111111197,227,3
2,-1,0.5510625000000007,227,4
3,0,0.5881874999999992,227,4
4,0,-0.12624999999999972,227,4
5,3,0.03224204545454558,227,4
6,-1,0.13514999999999958,227,3
7,1,0.5323750000000005,227,5
8,-1,0.38906250000000075,227,4
9,1,0.23659006211180023,227,5
10,0,0.33369811320754844,227,5
11,-2,-0.16437500000000027,227,3
12,1,0.7548124999999989,227,3
13,0,0.29456250000000045,227,4
14,0,-0.2892500000000005,227,3
15,-3,0.8240000000000003,227,2
16,1,1.4556527777777775,227,3
17,0,0.24555974842767397,227,4
18,-2,0.4961249999999995,227,3
19,1,0.3443750000000005,227,2
20,0,0.28887500000000005,227,4
21,-2,0.4035738636363635,227,3
22,1,0.4197499999999999,227,2
23,-1,0.35262499999999936,227,3
24,0,0.8090625000000001,227,3
25,0,0.7029375000000003,227,4
26,3,0.41968750000000016,227,3
27,0,0.27662499999999995,227,4
28,-2,0.8139374999999999,227,3
29,0,1.2602499999999996,227,4
30,2,-0.06281250000000085,227,3
31,-1,0.5350625000000013,227,4
32,1,0.7843125,227,3
33,0,0.2816249999999994,227,4
34,0,1.170931677018633,227,3
35,-3,0.2180795454545463,227,2
36,0,0.9656250000000002,227,4
37,2,0.7165000000000009,227,3
38,-1,-0.46000000000000035,227,4
39,0,0.7868749999999998,227,3
40,2,0.5826875000000011,227,4
41,-1,0.2523125,227,5
42,0,-0.05587500000000055,227,3
43,2,0.17493750000000008,227,4
44,-1,0.8893749999999989,227,5
45,1,-0.06243749999999999,227,3
46,0,1.609562500000001,227,4
1,0,0.61379375,225,4
2,-1,-0.04778125000000006,225,4
3,0,0.2410455486542443,225,4
4,2,-0.1610687500000002,225,4
5,0,0.47073750000000014,225,4
6,0,0.0025258799171844586,225,3
7,-3,0.27614999999999973,225,4
8,0,-0.12110624999999994,225,2
9,2,-0.0655687500000001,225,5
10,0,-0.04431874999999987,225,4
11,0,-0.06445,225,4
12,-3,-0.19269375000000025,225,3
13,1,0.15439999999999995,225,3
14,0,-0.05721250000000009,225,5
15,-2,-0.05853124999999987,225,4
16,1,-0.13513125000000006,225,3
17,0,0.18398750000000016,225,3
18,-2,0.08407500000000005,225,4
19,1,-0.0759375000000001,225,4
20,0,-0.09723402777777777,225,3
21,-2,-0.037537499999999904,225,3
22,0,-0.029718750000000044,225,2
23,0,-0.17026249999999987,225,4
24,3,-0.048231250000000184,225,4
25,0,-0.0051875000000001364,225,4
26,-2,-0.047156250000000136,225,3
27,1,-0.032737500000000225,225,4
28,-1,-0.03889365351629492,225,3
29,0,0.045381249999999776,225,4
30,2,-0.09368749999999994,225,3
31,-1,0.501030874785592,225,2
32,0,-0.05759375000000012,225,3
33,0,-0.08260624999999991,225,4
34,3,-0.1288937499999998,225,3
35,-1,-0.05271041666666691,225,2
36,0,-0.05443749999999981,225,2
37,2,-0.022437499999999912,225,5
38,-1,-0.15581875000000012,225,4
39,1,0.01191856452726001,225,3
40,-1,-0.027999999999999903,225,4
41,1,-0.15860000000000002,225,3
42,-1,-0.023502083333333503,225,4
43,1,0.031449999999999846,225,4
44,-1,-0.043831250000000044,225,5
45,1,0.33673124999999987,225,3
46,0,-0.046525,225,4
1,0,-0.006118012422360181,223,5
2,-1,-0.00475471698113208,223,1
3,1,-0.0036437500000000033,223,5
4,-1,-0.003487500000000003,223,1
5,1,-0.0016812500000000015,223,1
6,-1,-0.0023375000000000574,223,1
7,0,-0.0025937499999999134,223,4
8,0,-4.7500000000000043e-4,223,1
9,3,-6.875000000000006e-5,223,1
10,0,0.0014687500000000013,223,1
11,-2,0.0013000000000000012,223,4
12,1,-6.062500000000006e-4,223,5
13,-1,0.003393750000000003,223,1
14,1,0.003293750000000003,223,5
15,-1,0.013725000000000034,223,1
16,1,0.015006250000000002,223,5
17,0,0.018643749999999983,223,1
18,0,-0.0034874999999999433,223,1
19,-3,0.01705088622069759,223,5
20,1,-0.021993749999999906,223,1
21,-1,0.01875625000000006,223,1
22,1,-0.04208125000000009,223,5
23,-1,0.26503125000000016,223,5
24,0,-0.022881249999999968,223,1
25,2,-0.014693750000000009,223,1
26,-1,-0.031550000000000085,223,5
27,1,-0.00898124999999994,223,1
28,0,-0.012618750000000113,223,5
29,-2,-0.015693749999999923,223,1
30,0,0.010437499999999999,223,1
31,0,0.009753409090909106,223,5
32,3,-0.005093749999999962,223,1
33,0,-0.02245625000000011,223,5
34,-2,-0.021599999999999963,223,1
35,0,-0.015281250000000059,223,0
36,2,0.007718750000000001,223,1
37,0,-0.030314465408805044,223,0
38,-2,0.028818749999999796,223,1
39,0,-0.025718750000000002,223,0
40,2,0.048112499999999954,223,1
41,0,0.05688749999999981,223,5
42,0,0.12551874999999985,223,1
43,-3,0.02873360938578337,223,4
44,0,0.04634090909090906,223,1
45,2,-0.016287499999999795,223,1
46,0,0.02831874999999989,223,1
1,0,1.3110687500000002,221,3
2,-1,0.10237621497998861,221,2
3,0,-0.09807500000000004,221,4
4,2,0.26230000000000003,221,2
5,-1,0.1529500000000001,221,1
6,0,-0.07184610075914435,221,4
7,2,-0.06304375000000008,221,1
8,0,0.09258125000000011,221,1
9,-2,0.06750000000000007,221,5
10,1,-0.06747500000000003,221,4
11,-1,-0.04976874999999978,221,4
12,1,-0.04221249999999989,221,4
13,-1,-0.04015624999999989,221,4
14,0,-0.006099999999999982,221,3
15,2,-0.08348750000000005,221,1
16,0,-0.07346875000000014,221,1
17,-2,-0.0369375,221,4
18,0,-0.02589374999999992,221,5
19,2,-0.029844482561463707,221,1
20,-1,-0.04806250000000014,221,2
21,1,-0.03333125000000005,221,1
22,-1,-0.05067500000000009,221,1
23,1,-0.03751249999999999,221,4
24,0,0.186225,221,4
25,0,-0.04060000000000011,221,3
26,-3,-0.028693749999999862,221,4
27,1,-0.016156249999999973,221,5
28,0,0.03748124999999997,221,4
29,-2,-0.044193750000000066,221,2
30,1,-0.012218749999999938,221,1
31,0,-0.022960662525879916,221,1
32,-2,-0.006718749999999991,221,4
33,0,0.01585000000000001,221,5
34,0,-0.02738125000000009,221,1
35,3,-0.015743749999999893,221,1
36,-1,-0.020056250000000032,221,1
37,1,-0.008768750000000002,221,1
38,0,-0.048662500000000004,221,4
39,0,-0.041703726708074595,221,3
40,-3,-0.02223750000000007,221,4
41,1,0.004287500000000113,221,4
42,-1,-0.018424999999999907,221,4
43,0,-0.016131249999999972,221,2
44,0,-0.00195624999999992,221,1
45,3,0.8097624999999998,221,1
46,0,0.13858749999999997,221,3
1,0,2.482075,219,3
2,0,-0.06941874999999995,219,2
3,0,0.33510625000000044,219,4
4,-3,0.6652434782608695,219,3
5,1,1.298218750000001,219,3
6,0,-0.06607500000000022,219,2
7,0,0.5274812500000005,219,4
8,-3,0.1843375000000003,219,4
9,1,0.17105625000000002,219,3
10,-1,0.042162499999999534,219,2
11,0,0.2587687499999999,219,4
12,2,0.008468750000000557,219,3
13,-1,-0.20202622498274622,219,1
14,1,0.032374999999999925,219,4
15,-1,0.6601375000000003,219,3
16,1,0.47990000000000027,219,1
17,0,0.327500000000001,219,1
18,-2,0.10434375000000033,219,4
19,1,-0.056318749999999626,219,5
20,-1,0.26905000000000096,219,2
21,0,-0.038093750000000835,219,4
22,0,-0.08481874999999953,219,2
23,3,0.06253749999999994,219,1
24,0,-0.5476250000000007,219,3
25,-2,0.1644124999999996,219,5
26,1,0.9213250000000002,219,5
27,0,0.2018750000000001,219,2
28,-2,0.010600000000000021,219,5
29,1,0.2708062499999997,219,5
30,0,-0.15956250000000063,219,3
31,-2,0.15593124999999985,219,4
32,0,1.1518812500000004,219,5
33,2,0.3313062499999997,219,1
34,-1,0.33870624999999976,219,1
35,1,0.59173125,219,4
36,-1,0.08835340909090812,219,2
37,0,0.7293187499999999,219,2
38,0,0.54195625,219,3
39,3,0.8479999999999996,219,2
40,-1,-0.4270437500000008,219,4
41,0,0.5311312500000007,219,5
42,2,0.42123749999999904,219,3
43,-1,0.45965220125786127,219,3
44,0,-0.3793062500000003,219,3
45,2,-0.51765,219,4
46,0,-0.0158062499999996,219,3
1,0,0.8950289855072464,216,4
2,0,-0.016187500000000025,216,5
3,-2,-0.03194375000000017,216,3
4,1,-0.02339374999999994,216,4
5,0,-0.03634230503795732,216,3
6,0,-0.034756249999999995,216,2
7,-3,-0.019043749999999943,216,5
8,1,-4.7500000000001155e-4,216,3
9,-1,-0.006674999999999885,216,4
10,1,-0.034662500000000034,216,3
11,0,-0.008812499999999866,216,2
12,-2,0.004075000000000044,216,4
13,0,-0.013725000000000076,216,5
14,2,2.452830188679757e-4,216,2
15,-1,-0.014587499999999778,216,3
16,1,-0.03214999999999998,216,4
17,-1,-0.027860416666666693,216,2
18,1,-0.014262499999999876,216,3
19,0,-0.027506249999999982,216,3
20,-2,-0.03666875000000011,216,3
21,0,-0.02616249999999999,216,4
22,2,-0.011131250000000053,216,2
23,0,0.0012679245283017835,216,2
24,-2,-0.0052999999999999185,216,4
25,0,0.0027249999999999453,216,5
26,2,-0.0061499999999998734,216,3
27,0,0.004131249999999903,216,2
28,0,0.04880624999999992,216,3
29,-3,0.05458124999999991,216,4
30,1,-0.02943750000000015,216,5
31,-1,-0.013549999999999961,216,4
32,0,0.24481250000000018,216,3
33,2,0.15265776397515501,216,4
34,-1,-0.03711874999999981,216,3
35,0,-0.07870625000000009,216,3
36,0,-0.006118749999999807,216,4
37,3,-0.016383333333333507,216,2
38,-1,-0.00791875000000001,216,3
39,0,-0.04548125,216,3
40,0,-0.03852933057280903,216,2
41,3,-0.018737499999999997,216,2
42,-1,-0.01771118012422373,216,3
43,1,0.0394250000000001,216,4
44,-1,-0.02637499999999984,216,3
45,1,0.13241249999999993,216,5
46,0,-0.02181874999999976,216,4
1,0,0.07959374999999995,214,4
2,-1,-0.07931509433962249,214,2
3,0,-0.012706249999999733,214,2
4,2,-0.04528750000000029,214,4
5,-1,-0.06484999999999995,214,1
6,1,-0.009837500000000204,214,4
7,-1,-0.03795652173913029,214,1
8,0,-0.006437499999999818,214,4
9,2,-0.05153750000000015,214,1
10,0,-0.023356250000000352,214,2
11,0,-0.007043749999999957,214,3
12,-3,0.003987499999999802,214,5
13,0,-0.08020625000000019,214,5
14,2,-0.016693749999999917,214,3
15,0,-0.01828750000000017,214,1
16,0,-0.005833962264151078,214,2
17,-3,-0.009156249999999958,214,4
18,1,-0.004974999999999905,214,5
19,-1,-0.022800000000000133,214,3
20,0,0.0134374999999998,214,4
21,2,-0.011906250000000108,214,1
22,-1,-0.015799999999999963,214,5
23,1,-0.005443749999999839,214,4
24,0,3.75000000000486e-5,214,1
25,-2,0.025293749999999744,214,2
26,0,-0.007585227272727399,214,3
27,0,0.02916249999999979,214,5
28,3,-0.015237500000000084,214,1
29,-1,-0.012337500000000043,214,1
30,0,-0.0077437500000000405,214,5
31,0,-0.008706250000000196,214,1
32,3,-0.006837499999999849,214,2
33,0,-0.007506249999999992,214,4
34,-2,-0.008356250000000034,214,4
35,1,-0.004199999999999947,214,4
36,-1,-0.00671874999999995,214,3
37,1,-0.0056000000000000685,214,3
38,0,-0.005962732919254606,214,1
39,-2,-0.005768749999999942,214,1
40,1,-0.005062499999999898,214,2
41,0,-0.005268749999999997,214,5
42,-2,-0.005481250000000107,214,4
43,1,-0.004218749999999922,214,4
44,-1,-0.00493125000000003,214,2
45,1,-0.004093750000000102,214,1
46,0,-0.002406250000000022,214,1
1,0,0.23589095928226356,212,4
2,0,-0.12659748427672982,212,3
3,0,-0.024218749999999976,212,2
4,-3,-0.0073062500000001,212,4
5,1,6.124999999999437e-4,212,4
6,0,-0.01899374999999985,212,3
7,-2,-0.028828977272727166,212,3
8,0,0.020062500000000198,212,4
9,0,0.0012960227272725473,212,4
10,3,-0.041049999999999864,212,2
11,0,-0.03935000000000007,212,2
12,0,-0.022793750000000224,212,3
13,-3,-0.014043749999999864,212,3
14,1,-0.02438750000000025,212,4
15,-1,-0.03344374999999972,212,4
16,0,-0.03339068322981389,212,4
17,0,-0.011856249999999924,212,3
18,3,-0.012700568181818219,212,2
19,0,-0.023050000000000005,212,2
20,-2,-0.005574999999999991,212,4
21,1,0.010843749999999819,212,4
22,-1,-0.03558750000000004,212,3
23,0,0.07869525443110346,212,2
24,2,-0.03611875000000016,212,4
25,0,-0.04943750000000011,212,4
26,-2,-0.04198124999999982,212,3
27,0,-0.028787499999999876,212,2
28,2,-0.05590624999999963,212,4
29,0,0.004581249999999743,212,3
30,-2,0.23228750000000023,212,4
31,0,-0.02515000000000007,212,4
32,2,-0.028843749999999998,212,2
33,-1,-0.0302249999999998,212,3
34,0,-0.04831552795031057,212,2
35,2,0.16087499999999993,212,3
36,-1,-0.044069318181818015,212,3
37,1,-0.022487500000000073,212,4
38,-1,-0.08362499999999998,212,4
39,1,-0.037725000000000175,212,4
40,-1,-0.04252173913043471,212,3
41,1,-0.07587499999999991,212,3
42,-1,-0.025200000000000007,212,3
43,1,-0.01361249999999987,212,2
44,-1,0.34268750000000014,212,4
45,1,0.056968750000000574,212,3
46,0,1.6874999999991203e-4,212,3
1,0,-0.08454374999999958,210,3
2,-1,-0.0663013150371637,210,2
3,0,0.008856250000000015,210,4
4,0,0.16540624999999984,210,2
5,3,0.021793750000000185,210,2
6,-1,-0.010549999999999898,210,2
7,1,0.13358124999999962,210,4
8,-1,-0.11140000000000003,210,4
9,1,0.19621250000000026,210,3
10,-1,0.14833124999999978,210,2
11,0,0.41703750000000017,210,4
12,2,0.01627500000000014,210,4
13,-1,-0.015456249999999954,210,4
14,0,0.08098750000000048,210,2
15,2,0.003799999999999726,210,4
16,-1,0.1139750000000002,210,2
17,1,0.013974999999999498,210,4
18,0,-0.11419374999999987,210,4
19,0,-0.024281250000000025,210,4
20,-3,-0.06396249999999983,210,4
21,1,0.15579375000000023,210,4
22,0,0.12828749999999972,210,2
23,-2,0.2558795031055902,210,4
24,1,0.80981875,210,4
25,-1,0.19412499999999974,210,3
26,0,-0.19371249999999984,210,4
27,2,-0.041550000000000156,210,4
28,0,-0.26143124999999984,210,4
29,0,0.4616812499999995,210,4
30,-3,-0.0712562499999996,210,4
31,0,0.3134437500000003,210,4
32,0,-0.0675249999999999,210,2
33,3,0.051106249999999805,210,2
34,-1,0.06212049689440962,210,2
35,1,-0.2549823863636362,210,4
36,0,-0.05559999999999991,210,4
37,-2,0.2882812500000005,210,4
38,1,0.12444374999999981,210,4
39,0,0.03580000000000012,210,2
40,-2,-0.06986875000000017,210,2
41,1,0.08467499999999961,210,4
42,0,0.4782965909090911,210,4
43,-2,-0.04049374999999997,210,4
44,0,0.3058375000000003,210,4
45,2,0.8385624999999995,210,4
46,0,0.2877687500000002,210,4
1,0,0.051358333333333936,208,4
2,0,0.11725624999999977,208,3
3,-2,0.12341875000000005,208,2
4,1,0.08719999999999992,208,4
5,0,0.0713,208,2
6,-2,0.06191250000000006,208,5
7,0,-4.312499999999386e-4,208,4
8,2,-0.04373124999999996,208,2
9,-1,-0.03066874999999991,208,4
10,1,-0.013156249999999921,208,3
11,-1,-0.03185625000000015,208,2
12,0,-0.025393749999999868,208,1
13,2,-0.043912499999999965,208,4
14,-1,-0.031043750000000214,208,3
15,0,-0.024612500000000283,208,5
16,2,-0.069818749999999985,208,3
17,0,-0.04378125000000012,208,2
18,-2,-0.047512500000000006,208,5
19,0,0.07067499999999984,208,4
20,0,-0.03915625,208,3
21,3,-0.04774465148378206,208,4
22,-1,0.010043749999999605,208,2
23,1,-0.00909375000000007,208,3
24,0,0.0024625000000001672,208,5
25,0,0.005156818181818218,208,5
26,-3,0.0010624999999997553,208,5
27,1,-0.019750000000000108,208,5
28,-1,-0.009312499999999908,208,4
29,0,0.005037499999999803,208,5
30,2,-0.04430000000000006,208,2
31,-1,-0.020743749999999936,208,1
32,0,-0.004525000000000204,208,4
33,0,-0.013237500000000074,208,4
34,3,-0.019768749999999873,208,3
35,0,-0.01696875,208,3
36,-2,-0.006064772727272613,208,5
37,1,-0.0020687499999999387,208,5
38,0,0.023449999999999895,208,3
39,0,-0.05576250000000005,208,4
40,-3,-0.05231875000000015,208,5
41,1,-0.005056249999999688,208,5
42,-1,-0.01934092477570713,208,3
43,1,-0.009006250000000071,208,4
44,-1,0.016074999999999902,208,4
45,1,-0.03976874999999981,208,5
46,0,0.008987499999999937,208,3
1,0,0.03635541752933069,206,5
2,0,0.029159519725557387,206,3
3,-2,-0.01693125000000014,206,4
4,0,0.09253750000000002,206,4
5,0,0.010131250000000026,206,2
6,3,0.01842500000000013,206,2
7,-1,-0.015393750000000109,206,4
8,0,-8.326672684688674e-17,206,3
9,0,-0.012856250000000263,206,4
10,3,-0.025196590909090898,206,4
11,-1,-0.009731250000000158,206,1
12,0,-0.0034937499999997622,206,1
13,2,-9.062500000002249e-4,206,4
14,0,-1.7499999999977256e-4,206,4
15,-2,0.02718124999999994,206,4
16,0,0.015887500000000023,206,4
17,2,-0.013806250000000141,206,4
18,0,-0.039493749999999966,206,4
19,0,0.016674999999999794,206,4
20,-3,0.004262500000000164,206,4
21,1,-0.050949999999999794,206,3
22,0,0.005137500000000147,206,4
23,0,0.015843750000000222,206,4
24,-3,-0.007049999999999701,206,4
25,0,-0.0015562500000000008,206,4
26,2,0.02802500000000029,206,2
27,0,0.011362499999999784,206,4
28,-2,0.0023750000000000828,206,4
29,1,0.01516249999999994,206,4
30,0,-0.014818750000000002,206,2
31,-2,0.039543750000000086,206,4
32,1,1.1874999999989532e-4,206,3
33,-1,-0.07680625000000015,206,4
34,0,0.033249999999999794,206,2
35,2,0.0016437499999998246,206,2
36,-1,0.0017062499999999856,206,4
37,1,-0.12281874999999988,206,4
38,-1,-0.01726874999999984,206,2
39,1,0.024749999999999977,206,4
40,-1,-0.004443749999999988,206,2
41,1,-0.051312499999999796,206,4
42,-1,-0.013106250000000085,206,2
43,1,-0.00659999999999986,206,4
44,-1,0.022831249999999984,206,1
45,1,-0.003156249999999869,206,5
46,0,0.057668749999999956,206,1
1,0,0.15487370600414052,204,2
2,0,0.02444374999999995,204,1
3,0,0.04198124999999984,204,2
4,-3,0.011937500000000142,204,2
5,0,-0.01671875000000022,204,2
6,2,-0.09843750000000008,204,3
7,0,-0.05170783304745573,204,1
8,0,4.250000000001419e-4,204,2
9,-3,0.01499375000000002,204,2
10,0,-0.009612499999999824,204,5
11,0,-0.10076874999999995,204,2
12,3,-0.07911249999999996,204,1
13,0,-0.041087500000000075,204,1
14,-2,-0.14363749999999995,204,2
15,0,0.2798298136645964,204,5
16,0,0.009141477272727364,204,2
17,3,-0.05711249999999998,204,2
18,-1,-0.0723124999999997,204,1
19,0,0.13451250000000012,204,5
20,2,-0.17807499999999962,204,2
21,0,0.28791250000000007,204,1
22,-2,0.1927437500000002,204,2
23,0,0.014562500000000037,204,2
24,2,0.06168125000000013,204,5
25,-1,-0.009618749999999846,204,1
26,1,-0.015125000000000072,204,3
27,-1,-0.019787500000000235,204,2
28,1,0.2484750000000001,204,5
29,-1,-0.11091446540880498,204,2
30,0,-0.15138124999999988,204,5
31,2,0.28175,204,2
32,-1,-0.045112499999999764,204,1
33,1,0.1333437499999998,204,2
34,-1,0.09096250000000008,204,3
35,1,-0.06513749999999999,204,5
36,0,-0.03352499999999971,204,2
37,-2,0.14658125000000025,204,5
38,1,0.0872124999999998,204,5
39,-1,-0.01124999999999982,204,3
40,1,0.28410624999999995,204,5
41,0,0.031150000000000056,204,2
42,-2,-0.22402500000000003,204,5
43,1,0.01452795031055918,204,2
44,-1,-0.12934374999999987,204,1
45,1,0.3661875,204,2
46,0,-0.048974999999999935,204,2
1,0,0.028304166666666554,202,3
2,0,-0.02322500000000002,202,2
3,0,-0.059137500000000245,202,1
4,-3,-0.033318749999999966,202,4
5,0,-0.018293750000000032,202,5
6,2,-0.025051704545454596,202,3
7,0,-0.016100000000000114,202,2
8,-2,-0.01106875,202,4
9,1,-0.007474999999999924,202,5
10,0,-0.009174999999999945,202,4
11,-2,-0.008237499999999894,202,1
12,1,-0.0051823863636363005,202,3
13,-1,0.0096875000000001,202,1
14,0,0.008712500000000055,202,4
15,0,-0.005275000000000092,202,1
16,3,-0.00795625000000005,202,4
17,-1,-0.024418750000000083,202,0
18,0,-0.0057437499999999295,202,0
19,2,-0.0015748792270530985,202,0
20,-1,-0.01478125000000004,202,2
21,1,0.010243749999999953,202,1
22,-1,-0.01380625000000007,202,2
23,1,-0.038687499999999965,202,4
24,0,-0.00394375000000004,202,5
25,0,-0.013356250000000017,202,5
26,-3,-0.008512499999999965,202,5
27,1,-0.010343750000000037,202,5
28,-1,-0.011287499999999957,202,2
29,1,-0.005902691511387154,202,4
30,0,0.004093749999999905,202,2
31,-2,0.03772499999999998,202,2
32,0,-0.013074999999999927,202,5
33,0,-0.0040562499999999115,202,1
34,3,0.006012500000000112,202,1
35,-1,0.02179999999999996,202,2
36,1,0.03184375000000005,202,3
37,-1,-0.00762045454545459,202,1
38,1,0.00221874999999989,202,4
39,-1,-0.0047437499999999026,202,2
40,0,-0.022937500000000006,202,4
41,2,-0.010418750000000095,202,2
42,0,0.04796249999999989,202,1
43,-2,-0.01254374999999992,202,2
44,0,-0.010531250000000153,202,5
45,2,0.0015624999999999903,202,4
46,0,-0.012818749999999976,202,2
